keyword,pillar,tier,notes
"how to use AI at work",AI at Work,1,Highest volume entry point
"how to use ChatGPT at work",AI at Work,1,Specific tool version
"AI for email writing",AI at Work,2,Practical how-to
"AI for meeting notes",AI at Work,2,Practical how-to
"AI for presentations",AI at Work,2,Practical how-to
"how to use AI for reports",AI at Work,2,Practical how-to
"AI daily workflow",AI at Work,2,Practice-oriented
"AI for data analysis no coding",AI at Work,2,Non-technical angle
"best AI prompts for work",AI at Work,2,High search volume
"AI for project managers",AI for Role,1,High intent role-specific
"AI for HR professionals",AI for Role,1,High intent role-specific
"AI for marketing managers",AI for Role,1,High intent role-specific
"AI for operations managers",AI for Role,2,Role-specific
"AI for finance teams",AI for Role,2,Role-specific
"AI for executive assistants",AI for Role,2,Role-specific
"AI for people managers",AI for Role,2,Role-specific
"AI for small business owners",AI for Role,2,Role-specific
"how to use AI in project management",AI for Role,2,Long-tail role query
"AI tools for non-technical professionals",AI for Role,1,Core persona match
"ChatGPT vs Claude",AI Tools,1,Massive search volume
"ChatGPT vs Claude for business",AI Tools,1,Commercial intent
"is ChatGPT Plus worth it",AI Tools,2,Purchase intent
"best AI tool for writing",AI Tools,2,High volume
"Claude for professional work",AI Tools,2,Specific tool guide
"AI tools for business 2026",AI Tools,3,Time-sensitive
"free vs paid AI tools",AI Tools,2,Comparison
"how to become AI leader at work",Leading AI,2,Career advancement
"how to pitch AI to my boss",Leading AI,1,Perfect persona match
"AI skills for career advancement",AI and Career,1,Career-anxiety driven
"AI on resume",AI and Career,2,Practical career
"AI skills employers want",AI and Career,2,Career-anxiety driven
"how to run AI workshop for team",Leading AI,2,Actionable leadership
"AI change agent role",Leading AI,3,Niche but relevant
"vibe coding",Building with AI,1,Own this term
"what is vibe coding",Building with AI,1,Definitional - own it
"build app without coding AI",Building with AI,2,Non-technical builder
"AI for non-developers",Building with AI,1,Core audience
"vibe coding for beginners",Building with AI,1,Entry point
"build internal tools with AI",Building with AI,2,Enterprise angle
"getting started with AI",Getting Started,1,Funnel top
"AI for beginners at work",Getting Started,1,Persona match
"AI basics for professionals",Getting Started,2,Educational
"how to learn AI without technical background",Getting Started,1,Core persona
"AI jargon explained",Getting Started,2,Glossary opportunity
"AI coaching for professionals",Coaching/Community,2,Differentiator
"AI adoption coaching",Coaching/Community,2,Direct service term
"AI community for professionals",Coaching/Community,3,Community differentiator
"learn AI with community",Coaching/Community,3,Community angle
"AI practice group",Coaching/Community,3,Niche
"AI adoption for teams",Leading AI,1,Previously researched
"how to use AI for business",AI at Work,1,Previously researched
"AI for non-technical teams",AI for Role,1,Previously researched
"where to start with AI",Getting Started,1,Previously researched
"AI use cases for marketing teams",AI for Role,2,Previously researched
"AI use cases for operations",AI for Role,2,Previously researched
"AI pilot failed",Leading AI,2,Previously researched
"AI implementation failure",Leading AI,2,Previously researched
"Copilot adoption",AI Tools,2,Previously researched
"AI tool adoption problem",Leading AI,2,Previously researched
"is my team ready for AI",Leading AI,1,Previously researched
"AI readiness assessment",Leading AI,1,Previously researched
"context engineering",Building with AI,2,Previously researched
"context engineering AI",Building with AI,2,Previously researched
"tribal knowledge documentation",Leading AI,3,Previously researched
"process documentation for AI",Leading AI,3,Previously researched
"AI-ready documentation",Leading AI,3,Previously researched
"why AI fails",Leading AI,1,Previously researched
"AI training for teams",Leading AI,2,Previously researched
"AI workshop for business",Leading AI,2,Previously researched
"AI workshop vs course",Leading AI,2,Previously researched
"AI facilitated workshop",Leading AI,2,Previously researched
"AI team workshop",Leading AI,2,Previously researched
"AI training that works",Leading AI,2,Previously researched
"AI champion role",Leading AI,2,Previously researched
